Wall time,Step,mean_reward,time
0.0,500,0.2710622549057007,0h0min0s
476.0261011123657,1000,0.3292857110500335,0h7min56s
818.0172588825226,1500,0.3857142925262451,0h13min38s
