Wall time,Step,mean_reward,time
0.0,500,0.2731660604476928,0h0min0s
221.3281238079071,1000,0.3442856967449188,0h3min41s
337.60856771469116,1500,0.4199999868869781,0h5min37s
