Wall time,Step,mean_reward,time
0.0,500,0.2730593979358673,0h0min0s
991.0057556629181,1000,0.3400000035762787,0h16min31s
