Wall time,Step,mean_reward,time
0.0,500,0.2511583566665649,0h0min0s
360.501492023468,1000,0.3338460922241211,0h6min0s
