Wall time,Step,mean_reward,time
0.0,500,0.2759999930858612,0h0min0s
203.80187368392944,1000,0.3980000019073486,0h3min23s
