Wall time,Step,mean_reward,time
0.0,500,0.2709999978542328,0h0min0s
170.96743822097778,1000,0.3310000002384186,0h2min50s
266.27277398109436,1500,0.4090000092983246,0h4min26s
