Wall time,Step,mean_reward,time
0.0,500,0.2719780206680298,0h0min0s
190.99814748764038,1000,0.3207142949104309,0h3min10s
